name,virtualIpv4Address,backendName,backendIpv4Address
farmxxx,1.0.3.0,primary,10.0.3.0
farmxxx,1.0.3.0,secondary,10.0.3.1
farmxxx,1.0.3.0,ternary,10.0.3.2
farmxxx,1.0.3.0,quaternary,10.0.3.3
farm000,1.0.1.0,primary,10.0.1.0
farm000,1.0.1.0,secondary,10.0.2.0
farm001,1.0.2.0,primary,10.100.10.0
farm001,1.0.2.0,secondary,10.100.11.0
farm002,1.0.1.2,primary,10.0.1.1
farm002,1.0.1.2,secondary,10.0.2.1
farm003,1.0.2.2,primary,10.100.10.1
farm003,1.0.2.2,secondary,10.100.11.1
farm004,1.0.1.4,primary,10.0.1.2
farm004,1.0.1.4,secondary,10.0.2.2
farm005,1.0.2.4,primary,10.100.10.2
farm005,1.0.2.4,secondary,10.100.11.2
farm006,1.0.1.6,primary,10.0.1.3
farm006,1.0.1.6,secondary,10.0.2.3
farm007,1.0.2.6,primary,10.100.10.3
farm007,1.0.2.6,secondary,10.100.11.3
farm008,1.0.1.8,primary,10.0.1.4
farm008,1.0.1.8,secondary,10.0.2.4
farm009,1.0.2.8,primary,10.100.10.4
farm009,1.0.2.8,secondary,10.100.11.4
farm010,1.0.1.10,primary,10.0.1.5
farm010,1.0.1.10,secondary,10.0.2.5
farm011,1.0.2.10,primary,10.100.10.5
farm011,1.0.2.10,secondary,10.100.11.5
farm012,1.0.1.12,primary,10.0.1.6
farm012,1.0.1.12,secondary,10.0.2.6
farm013,1.0.2.12,primary,10.100.10.6
farm013,1.0.2.12,secondary,10.100.11.6
farm014,1.0.1.14,primary,10.0.1.7
farm014,1.0.1.14,secondary,10.0.2.7
farm015,1.0.2.14,primary,10.100.10.7
farm015,1.0.2.14,secondary,10.100.11.7
farm016,1.0.1.16,primary,10.0.1.8
farm016,1.0.1.16,secondary,10.0.2.8
farm017,1.0.2.16,primary,10.100.10.8
farm017,1.0.2.16,secondary,10.100.11.8
farm018,1.0.1.18,primary,10.0.1.9
farm018,1.0.1.18,secondary,10.0.2.9
farm019,1.0.2.18,primary,10.100.10.9
farm019,1.0.2.18,secondary,10.100.11.9
farm020,1.0.1.20,primary,10.0.1.10
farm020,1.0.1.20,secondary,10.0.2.10
farm021,1.0.2.20,primary,10.100.10.10
farm021,1.0.2.20,secondary,10.100.11.10
farm022,1.0.1.22,primary,10.0.1.11
farm022,1.0.1.22,secondary,10.0.2.11
farm023,1.0.2.22,primary,10.100.10.11
farm023,1.0.2.22,secondary,10.100.11.11
farm024,1.0.1.24,primary,10.0.1.12
farm024,1.0.1.24,secondary,10.0.2.12
farm025,1.0.2.24,primary,10.100.10.12
farm025,1.0.2.24,secondary,10.100.11.12
farm026,1.0.1.26,primary,10.0.1.13
farm026,1.0.1.26,secondary,10.0.2.13
farm027,1.0.2.26,primary,10.100.10.13
farm027,1.0.2.26,secondary,10.100.11.13
farm028,1.0.1.28,primary,10.0.1.14
farm028,1.0.1.28,secondary,10.0.2.14
farm029,1.0.2.28,primary,10.100.10.14
farm029,1.0.2.28,secondary,10.100.11.14
farm030,1.0.1.30,primary,10.0.1.15
farm030,1.0.1.30,secondary,10.0.2.15
farm031,1.0.2.30,primary,10.100.10.15
farm031,1.0.2.30,secondary,10.100.11.15
farm032,1.0.1.32,primary,10.0.1.16
farm032,1.0.1.32,secondary,10.0.2.16
farm033,1.0.2.32,primary,10.100.10.16
farm033,1.0.2.32,secondary,10.100.11.16
farm034,1.0.1.34,primary,10.0.1.17
farm034,1.0.1.34,secondary,10.0.2.17
farm035,1.0.2.34,primary,10.100.10.17
farm035,1.0.2.34,secondary,10.100.11.17
farm036,1.0.1.36,primary,10.0.1.18
farm036,1.0.1.36,secondary,10.0.2.18
farm037,1.0.2.36,primary,10.100.10.18
farm037,1.0.2.36,secondary,10.100.11.18
farm038,1.0.1.38,primary,10.0.1.19
farm038,1.0.1.38,secondary,10.0.2.19
farm039,1.0.2.38,primary,10.100.10.19
farm039,1.0.2.38,secondary,10.100.11.19
farm040,1.0.1.40,primary,10.0.1.20
farm040,1.0.1.40,secondary,10.0.2.20
farm041,1.0.2.40,primary,10.100.10.20
farm041,1.0.2.40,secondary,10.100.11.20
farm042,1.0.1.42,primary,10.0.1.21
farm042,1.0.1.42,secondary,10.0.2.21
farm043,1.0.2.42,primary,10.100.10.21
farm043,1.0.2.42,secondary,10.100.11.21
farm044,1.0.1.44,primary,10.0.1.22
farm044,1.0.1.44,secondary,10.0.2.22
farm045,1.0.2.44,primary,10.100.10.22
farm045,1.0.2.44,secondary,10.100.11.22
farm046,1.0.1.46,primary,10.0.1.23
farm046,1.0.1.46,secondary,10.0.2.23
farm047,1.0.2.46,primary,10.100.10.23
farm047,1.0.2.46,secondary,10.100.11.23
farm048,1.0.1.48,primary,10.0.1.24
farm048,1.0.1.48,secondary,10.0.2.24
farm049,1.0.2.48,primary,10.100.10.24
farm049,1.0.2.48,secondary,10.100.11.24
farm050,1.0.1.50,primary,10.0.1.25
farm050,1.0.1.50,secondary,10.0.2.25
farm051,1.0.2.50,primary,10.100.10.25
farm051,1.0.2.50,secondary,10.100.11.25
farm052,1.0.1.52,primary,10.0.1.26
farm052,1.0.1.52,secondary,10.0.2.26
farm053,1.0.2.52,primary,10.100.10.26
farm053,1.0.2.52,secondary,10.100.11.26
farm054,1.0.1.54,primary,10.0.1.27
farm054,1.0.1.54,secondary,10.0.2.27
farm055,1.0.2.54,primary,10.100.10.27
farm055,1.0.2.54,secondary,10.100.11.27
farm056,1.0.1.56,primary,10.0.1.28
farm056,1.0.1.56,secondary,10.0.2.28
farm057,1.0.2.56,primary,10.100.10.28
farm057,1.0.2.56,secondary,10.100.11.28
farm058,1.0.1.58,primary,10.0.1.29
farm058,1.0.1.58,secondary,10.0.2.29
farm059,1.0.2.58,primary,10.100.10.29
farm059,1.0.2.58,secondary,10.100.11.29
farm060,1.0.1.60,primary,10.0.1.30
farm060,1.0.1.60,secondary,10.0.2.30
farm061,1.0.2.60,primary,10.100.10.30
farm061,1.0.2.60,secondary,10.100.11.30
farm062,1.0.1.62,primary,10.0.1.31
farm062,1.0.1.62,secondary,10.0.2.31
farm063,1.0.2.62,primary,10.100.10.31
farm063,1.0.2.62,secondary,10.100.11.31
farm064,1.0.1.64,primary,10.0.1.32
farm064,1.0.1.64,secondary,10.0.2.32
farm065,1.0.2.64,primary,10.100.10.32
farm065,1.0.2.64,secondary,10.100.11.32
farm066,1.0.1.66,primary,10.0.1.33
farm066,1.0.1.66,secondary,10.0.2.33
farm067,1.0.2.66,primary,10.100.10.33
farm067,1.0.2.66,secondary,10.100.11.33
farm068,1.0.1.68,primary,10.0.1.34
farm068,1.0.1.68,secondary,10.0.2.34
farm069,1.0.2.68,primary,10.100.10.34
farm069,1.0.2.68,secondary,10.100.11.34
farm070,1.0.1.70,primary,10.0.1.35
farm070,1.0.1.70,secondary,10.0.2.35
farm071,1.0.2.70,primary,10.100.10.35
farm071,1.0.2.70,secondary,10.100.11.35
farm072,1.0.1.72,primary,10.0.1.36
farm072,1.0.1.72,secondary,10.0.2.36
farm073,1.0.2.72,primary,10.100.10.36
farm073,1.0.2.72,secondary,10.100.11.36
farm074,1.0.1.74,primary,10.0.1.37
farm074,1.0.1.74,secondary,10.0.2.37
farm075,1.0.2.74,primary,10.100.10.37
farm075,1.0.2.74,secondary,10.100.11.37
farm076,1.0.1.76,primary,10.0.1.38
farm076,1.0.1.76,secondary,10.0.2.38
farm077,1.0.2.76,primary,10.100.10.38
farm077,1.0.2.76,secondary,10.100.11.38
farm078,1.0.1.78,primary,10.0.1.39
farm078,1.0.1.78,secondary,10.0.2.39
farm079,1.0.2.78,primary,10.100.10.39
farm079,1.0.2.78,secondary,10.100.11.39
farm080,1.0.1.80,primary,10.0.1.40
farm080,1.0.1.80,secondary,10.0.2.40
farm081,1.0.2.80,primary,10.100.10.40
farm081,1.0.2.80,secondary,10.100.11.40
farm082,1.0.1.82,primary,10.0.1.41
farm082,1.0.1.82,secondary,10.0.2.41
farm083,1.0.2.82,primary,10.100.10.41
farm083,1.0.2.82,secondary,10.100.11.41
farm084,1.0.1.84,primary,10.0.1.42
farm084,1.0.1.84,secondary,10.0.2.42
farm085,1.0.2.84,primary,10.100.10.42
farm085,1.0.2.84,secondary,10.100.11.42
farm086,1.0.1.86,primary,10.0.1.43
farm086,1.0.1.86,secondary,10.0.2.43
farm087,1.0.2.86,primary,10.100.10.43
farm087,1.0.2.86,secondary,10.100.11.43
farm088,1.0.1.88,primary,10.0.1.44
farm088,1.0.1.88,secondary,10.0.2.44
farm089,1.0.2.88,primary,10.100.10.44
farm089,1.0.2.88,secondary,10.100.11.44
farm090,1.0.1.90,primary,10.0.1.45
farm090,1.0.1.90,secondary,10.0.2.45
farm091,1.0.2.90,primary,10.100.10.45
farm091,1.0.2.90,secondary,10.100.11.45
farm092,1.0.1.92,primary,10.0.1.46
farm092,1.0.1.92,secondary,10.0.2.46
farm093,1.0.2.92,primary,10.100.10.46
farm093,1.0.2.92,secondary,10.100.11.46
farm094,1.0.1.94,primary,10.0.1.47
farm094,1.0.1.94,secondary,10.0.2.47
farm095,1.0.2.94,primary,10.100.10.47
farm095,1.0.2.94,secondary,10.100.11.47
farm096,1.0.1.96,primary,10.0.1.48
farm096,1.0.1.96,secondary,10.0.2.48
farm097,1.0.2.96,primary,10.100.10.48
farm097,1.0.2.96,secondary,10.100.11.48
farm098,1.0.1.98,primary,10.0.1.49
farm098,1.0.1.98,secondary,10.0.2.49
farm099,1.0.2.98,primary,10.100.10.49
farm099,1.0.2.98,secondary,10.100.11.49
farm100,1.0.1.100,primary,10.0.1.50
farm100,1.0.1.100,secondary,10.0.2.50
farm101,1.0.2.100,primary,10.100.10.50
farm101,1.0.2.100,secondary,10.100.11.50
farm102,1.0.1.102,primary,10.0.1.51
farm102,1.0.1.102,secondary,10.0.2.51
farm103,1.0.2.102,primary,10.100.10.51
farm103,1.0.2.102,secondary,10.100.11.51
farm104,1.0.1.104,primary,10.0.1.52
farm104,1.0.1.104,secondary,10.0.2.52
farm105,1.0.2.104,primary,10.100.10.52
farm105,1.0.2.104,secondary,10.100.11.52
farm106,1.0.1.106,primary,10.0.1.53
farm106,1.0.1.106,secondary,10.0.2.53
farm107,1.0.2.106,primary,10.100.10.53
farm107,1.0.2.106,secondary,10.100.11.53
farm108,1.0.1.108,primary,10.0.1.54
farm108,1.0.1.108,secondary,10.0.2.54
farm109,1.0.2.108,primary,10.100.10.54
farm109,1.0.2.108,secondary,10.100.11.54
farm110,1.0.1.110,primary,10.0.1.55
farm110,1.0.1.110,secondary,10.0.2.55
farm111,1.0.2.110,primary,10.100.10.55
farm111,1.0.2.110,secondary,10.100.11.55
farm112,1.0.1.112,primary,10.0.1.56
farm112,1.0.1.112,secondary,10.0.2.56
farm113,1.0.2.112,primary,10.100.10.56
farm113,1.0.2.112,secondary,10.100.11.56
farm114,1.0.1.114,primary,10.0.1.57
farm114,1.0.1.114,secondary,10.0.2.57
farm115,1.0.2.114,primary,10.100.10.57
farm115,1.0.2.114,secondary,10.100.11.57
farm116,1.0.1.116,primary,10.0.1.58
farm116,1.0.1.116,secondary,10.0.2.58
farm117,1.0.2.116,primary,10.100.10.58
farm117,1.0.2.116,secondary,10.100.11.58
farm118,1.0.1.118,primary,10.0.1.59
farm118,1.0.1.118,secondary,10.0.2.59
farm119,1.0.2.118,primary,10.100.10.59
farm119,1.0.2.118,secondary,10.100.11.59
farm120,1.0.1.120,primary,10.0.1.60
farm120,1.0.1.120,secondary,10.0.2.60
farm121,1.0.2.120,primary,10.100.10.60
farm121,1.0.2.120,secondary,10.100.11.60
farm122,1.0.1.122,primary,10.0.1.61
farm122,1.0.1.122,secondary,10.0.2.61
farm123,1.0.2.122,primary,10.100.10.61
farm123,1.0.2.122,secondary,10.100.11.61
farm124,1.0.1.124,primary,10.0.1.62
farm124,1.0.1.124,secondary,10.0.2.62
farm125,1.0.2.124,primary,10.100.10.62
farm125,1.0.2.124,secondary,10.100.11.62
farm126,1.0.1.126,primary,10.0.1.63
farm126,1.0.1.126,secondary,10.0.2.63
farm127,1.0.2.126,primary,10.100.10.63
farm127,1.0.2.126,secondary,10.100.11.63
farm128,1.0.1.128,primary,10.0.1.64
farm128,1.0.1.128,secondary,10.0.2.64
farm129,1.0.2.128,primary,10.100.10.64
farm129,1.0.2.128,secondary,10.100.11.64
farm130,1.0.1.130,primary,10.0.1.65
farm130,1.0.1.130,secondary,10.0.2.65
farm131,1.0.2.130,primary,10.100.10.65
farm131,1.0.2.130,secondary,10.100.11.65
farm132,1.0.1.132,primary,10.0.1.66
farm132,1.0.1.132,secondary,10.0.2.66
farm133,1.0.2.132,primary,10.100.10.66
farm133,1.0.2.132,secondary,10.100.11.66
farm134,1.0.1.134,primary,10.0.1.67
farm134,1.0.1.134,secondary,10.0.2.67
farm135,1.0.2.134,primary,10.100.10.67
farm135,1.0.2.134,secondary,10.100.11.67
farm136,1.0.1.136,primary,10.0.1.68
farm136,1.0.1.136,secondary,10.0.2.68
farm137,1.0.2.136,primary,10.100.10.68
farm137,1.0.2.136,secondary,10.100.11.68
farm138,1.0.1.138,primary,10.0.1.69
farm138,1.0.1.138,secondary,10.0.2.69
farm139,1.0.2.138,primary,10.100.10.69
farm139,1.0.2.138,secondary,10.100.11.69
farm140,1.0.1.140,primary,10.0.1.70
farm140,1.0.1.140,secondary,10.0.2.70
farm141,1.0.2.140,primary,10.100.10.70
farm141,1.0.2.140,secondary,10.100.11.70
farm142,1.0.1.142,primary,10.0.1.71
farm142,1.0.1.142,secondary,10.0.2.71
farm143,1.0.2.142,primary,10.100.10.71
farm143,1.0.2.142,secondary,10.100.11.71
farm144,1.0.1.144,primary,10.0.1.72
farm144,1.0.1.144,secondary,10.0.2.72
farm145,1.0.2.144,primary,10.100.10.72
farm145,1.0.2.144,secondary,10.100.11.72
farm146,1.0.1.146,primary,10.0.1.73
farm146,1.0.1.146,secondary,10.0.2.73
farm147,1.0.2.146,primary,10.100.10.73
farm147,1.0.2.146,secondary,10.100.11.73
farm148,1.0.1.148,primary,10.0.1.74
farm148,1.0.1.148,secondary,10.0.2.74
farm149,1.0.2.148,primary,10.100.10.74
farm149,1.0.2.148,secondary,10.100.11.74
farm150,1.0.1.150,primary,10.0.1.75
farm150,1.0.1.150,secondary,10.0.2.75
farm151,1.0.2.150,primary,10.100.10.75
farm151,1.0.2.150,secondary,10.100.11.75
farm152,1.0.1.152,primary,10.0.1.76
farm152,1.0.1.152,secondary,10.0.2.76
farm153,1.0.2.152,primary,10.100.10.76
farm153,1.0.2.152,secondary,10.100.11.76
farm154,1.0.1.154,primary,10.0.1.77
farm154,1.0.1.154,secondary,10.0.2.77
farm155,1.0.2.154,primary,10.100.10.77
farm155,1.0.2.154,secondary,10.100.11.77
farm156,1.0.1.156,primary,10.0.1.78
farm156,1.0.1.156,secondary,10.0.2.78
farm157,1.0.2.156,primary,10.100.10.78
farm157,1.0.2.156,secondary,10.100.11.78
farm158,1.0.1.158,primary,10.0.1.79
farm158,1.0.1.158,secondary,10.0.2.79
farm159,1.0.2.158,primary,10.100.10.79
farm159,1.0.2.158,secondary,10.100.11.79
farm160,1.0.1.160,primary,10.0.1.80
farm160,1.0.1.160,secondary,10.0.2.80
farm161,1.0.2.160,primary,10.100.10.80
farm161,1.0.2.160,secondary,10.100.11.80
farm162,1.0.1.162,primary,10.0.1.81
farm162,1.0.1.162,secondary,10.0.2.81
farm163,1.0.2.162,primary,10.100.10.81
farm163,1.0.2.162,secondary,10.100.11.81
farm164,1.0.1.164,primary,10.0.1.82
farm164,1.0.1.164,secondary,10.0.2.82
farm165,1.0.2.164,primary,10.100.10.82
farm165,1.0.2.164,secondary,10.100.11.82
farm166,1.0.1.166,primary,10.0.1.83
farm166,1.0.1.166,secondary,10.0.2.83
farm167,1.0.2.166,primary,10.100.10.83
farm167,1.0.2.166,secondary,10.100.11.83
farm168,1.0.1.168,primary,10.0.1.84
farm168,1.0.1.168,secondary,10.0.2.84
farm169,1.0.2.168,primary,10.100.10.84
farm169,1.0.2.168,secondary,10.100.11.84
farm170,1.0.1.170,primary,10.0.1.85
farm170,1.0.1.170,secondary,10.0.2.85
farm171,1.0.2.170,primary,10.100.10.85
farm171,1.0.2.170,secondary,10.100.11.85
farm172,1.0.1.172,primary,10.0.1.86
farm172,1.0.1.172,secondary,10.0.2.86
farm173,1.0.2.172,primary,10.100.10.86
farm173,1.0.2.172,secondary,10.100.11.86
farm174,1.0.1.174,primary,10.0.1.87
farm174,1.0.1.174,secondary,10.0.2.87
farm175,1.0.2.174,primary,10.100.10.87
farm175,1.0.2.174,secondary,10.100.11.87
farm176,1.0.1.176,primary,10.0.1.88
farm176,1.0.1.176,secondary,10.0.2.88
farm177,1.0.2.176,primary,10.100.10.88
farm177,1.0.2.176,secondary,10.100.11.88
farm178,1.0.1.178,primary,10.0.1.89
farm178,1.0.1.178,secondary,10.0.2.89
farm179,1.0.2.178,primary,10.100.10.89
farm179,1.0.2.178,secondary,10.100.11.89
farm180,1.0.1.180,primary,10.0.1.90
farm180,1.0.1.180,secondary,10.0.2.90
farm181,1.0.2.180,primary,10.100.10.90
farm181,1.0.2.180,secondary,10.100.11.90
farm182,1.0.1.182,primary,10.0.1.91
farm182,1.0.1.182,secondary,10.0.2.91
farm183,1.0.2.182,primary,10.100.10.91
farm183,1.0.2.182,secondary,10.100.11.91
farm184,1.0.1.184,primary,10.0.1.92
farm184,1.0.1.184,secondary,10.0.2.92
farm185,1.0.2.184,primary,10.100.10.92
farm185,1.0.2.184,secondary,10.100.11.92
farm186,1.0.1.186,primary,10.0.1.93
farm186,1.0.1.186,secondary,10.0.2.93
farm187,1.0.2.186,primary,10.100.10.93
farm187,1.0.2.186,secondary,10.100.11.93
farm188,1.0.1.188,primary,10.0.1.94
farm188,1.0.1.188,secondary,10.0.2.94
farm189,1.0.2.188,primary,10.100.10.94
farm189,1.0.2.188,secondary,10.100.11.94
farm190,1.0.1.190,primary,10.0.1.95
farm190,1.0.1.190,secondary,10.0.2.95
farm191,1.0.2.190,primary,10.100.10.95
farm191,1.0.2.190,secondary,10.100.11.95
farm192,1.0.1.192,primary,10.0.1.96
farm192,1.0.1.192,secondary,10.0.2.96
farm193,1.0.2.192,primary,10.100.10.96
farm193,1.0.2.192,secondary,10.100.11.96
farm194,1.0.1.194,primary,10.0.1.97
farm194,1.0.1.194,secondary,10.0.2.97
farm195,1.0.2.194,primary,10.100.10.97
farm195,1.0.2.194,secondary,10.100.11.97
farm196,1.0.1.196,primary,10.0.1.98
farm196,1.0.1.196,secondary,10.0.2.98
farm197,1.0.2.196,primary,10.100.10.98
farm197,1.0.2.196,secondary,10.100.11.98
farm198,1.0.1.198,primary,10.0.1.99
farm198,1.0.1.198,secondary,10.0.2.99
farm199,1.0.2.198,primary,10.100.10.99
farm199,1.0.2.198,secondary,10.100.11.99
farm200,1.0.1.200,primary,10.0.1.100
farm200,1.0.1.200,secondary,10.0.2.100
farm201,1.0.2.200,primary,10.100.10.100
farm201,1.0.2.200,secondary,10.100.11.100
farm202,1.0.1.202,primary,10.0.1.101
farm202,1.0.1.202,secondary,10.0.2.101
farm203,1.0.2.202,primary,10.100.10.101
farm203,1.0.2.202,secondary,10.100.11.101
farm204,1.0.1.204,primary,10.0.1.102
farm204,1.0.1.204,secondary,10.0.2.102
farm205,1.0.2.204,primary,10.100.10.102
farm205,1.0.2.204,secondary,10.100.11.102
farm206,1.0.1.206,primary,10.0.1.103
farm206,1.0.1.206,secondary,10.0.2.103
farm207,1.0.2.206,primary,10.100.10.103
farm207,1.0.2.206,secondary,10.100.11.103
farm208,1.0.1.208,primary,10.0.1.104
farm208,1.0.1.208,secondary,10.0.2.104
farm209,1.0.2.208,primary,10.100.10.104
farm209,1.0.2.208,secondary,10.100.11.104
farm210,1.0.1.210,primary,10.0.1.105
farm210,1.0.1.210,secondary,10.0.2.105
farm211,1.0.2.210,primary,10.100.10.105
farm211,1.0.2.210,secondary,10.100.11.105
farm212,1.0.1.212,primary,10.0.1.106
farm212,1.0.1.212,secondary,10.0.2.106
farm213,1.0.2.212,primary,10.100.10.106
farm213,1.0.2.212,secondary,10.100.11.106
farm214,1.0.1.214,primary,10.0.1.107
farm214,1.0.1.214,secondary,10.0.2.107
farm215,1.0.2.214,primary,10.100.10.107
farm215,1.0.2.214,secondary,10.100.11.107
farm216,1.0.1.216,primary,10.0.1.108
farm216,1.0.1.216,secondary,10.0.2.108
farm217,1.0.2.216,primary,10.100.10.108
farm217,1.0.2.216,secondary,10.100.11.108
farm218,1.0.1.218,primary,10.0.1.109
farm218,1.0.1.218,secondary,10.0.2.109
farm219,1.0.2.218,primary,10.100.10.109
farm219,1.0.2.218,secondary,10.100.11.109
farm220,1.0.1.220,primary,10.0.1.110
farm220,1.0.1.220,secondary,10.0.2.110
farm221,1.0.2.220,primary,10.100.10.110
farm221,1.0.2.220,secondary,10.100.11.110
farm222,1.0.1.222,primary,10.0.1.111
farm222,1.0.1.222,secondary,10.0.2.111
farm223,1.0.2.222,primary,10.100.10.111
farm223,1.0.2.222,secondary,10.100.11.111
farm224,1.0.1.224,primary,10.0.1.112
farm224,1.0.1.224,secondary,10.0.2.112
farm225,1.0.2.224,primary,10.100.10.112
farm225,1.0.2.224,secondary,10.100.11.112
farm226,1.0.1.226,primary,10.0.1.113
farm226,1.0.1.226,secondary,10.0.2.113
farm227,1.0.2.226,primary,10.100.10.113
farm227,1.0.2.226,secondary,10.100.11.113
farm228,1.0.1.228,primary,10.0.1.114
farm228,1.0.1.228,secondary,10.0.2.114
farm229,1.0.2.228,primary,10.100.10.114
farm229,1.0.2.228,secondary,10.100.11.114
farm230,1.0.1.230,primary,10.0.1.115
farm230,1.0.1.230,secondary,10.0.2.115
farm231,1.0.2.230,primary,10.100.10.115
farm231,1.0.2.230,secondary,10.100.11.115
farm232,1.0.1.232,primary,10.0.1.116
farm232,1.0.1.232,secondary,10.0.2.116
farm233,1.0.2.232,primary,10.100.10.116
farm233,1.0.2.232,secondary,10.100.11.116
farm234,1.0.1.234,primary,10.0.1.117
farm234,1.0.1.234,secondary,10.0.2.117
farm235,1.0.2.234,primary,10.100.10.117
farm235,1.0.2.234,secondary,10.100.11.117
farm236,1.0.1.236,primary,10.0.1.118
farm236,1.0.1.236,secondary,10.0.2.118
farm237,1.0.2.236,primary,10.100.10.118
farm237,1.0.2.236,secondary,10.100.11.118
farm238,1.0.1.238,primary,10.0.1.119
farm238,1.0.1.238,secondary,10.0.2.119
farm239,1.0.2.238,primary,10.100.10.119
farm239,1.0.2.238,secondary,10.100.11.119
farm240,1.0.1.240,primary,10.0.1.120
farm240,1.0.1.240,secondary,10.0.2.120
farm241,1.0.2.240,primary,10.100.10.120
farm241,1.0.2.240,secondary,10.100.11.120
farm242,1.0.1.242,primary,10.0.1.121
farm242,1.0.1.242,secondary,10.0.2.121
farm243,1.0.2.242,primary,10.100.10.121
farm243,1.0.2.242,secondary,10.100.11.121
farm244,1.0.1.244,primary,10.0.1.122
farm244,1.0.1.244,secondary,10.0.2.122
farm245,1.0.2.244,primary,10.100.10.122
farm245,1.0.2.244,secondary,10.100.11.122
farm246,1.0.1.246,primary,10.0.1.123
farm246,1.0.1.246,secondary,10.0.2.123
farm247,1.0.2.246,primary,10.100.10.123
farm247,1.0.2.246,secondary,10.100.11.123
farm248,1.0.1.248,primary,10.0.1.124
farm248,1.0.1.248,secondary,10.0.2.124
farm249,1.0.2.248,primary,10.100.10.124
farm249,1.0.2.248,secondary,10.100.11.124
farm250,1.0.1.250,primary,10.0.1.125
farm250,1.0.1.250,secondary,10.0.2.125
farm251,1.0.2.250,primary,10.100.10.125
farm251,1.0.2.250,secondary,10.100.11.125
farm252,1.0.1.252,primary,10.0.1.126
farm252,1.0.1.252,secondary,10.0.2.126
farm253,1.0.2.252,primary,10.100.10.126
farm253,1.0.2.252,secondary,10.100.11.126
farm254,1.0.1.254,primary,10.0.1.127
farm254,1.0.1.254,secondary,10.0.2.127
farm255,1.0.2.254,primary,10.100.10.127
farm255,1.0.2.254,secondary,10.100.11.127
farm256,1.0.1.256,primary,10.0.1.128
farm256,1.0.1.256,secondary,10.0.2.128
farm257,1.0.2.256,primary,10.100.10.128
farm257,1.0.2.256,secondary,10.100.11.128
farm258,1.0.1.258,primary,10.0.1.129
farm258,1.0.1.258,secondary,10.0.2.129
farm259,1.0.2.258,primary,10.100.10.129
farm259,1.0.2.258,secondary,10.100.11.129
farm260,1.0.1.260,primary,10.0.1.130
farm260,1.0.1.260,secondary,10.0.2.130
farm261,1.0.2.260,primary,10.100.10.130
farm261,1.0.2.260,secondary,10.100.11.130
farm262,1.0.1.262,primary,10.0.1.131
farm262,1.0.1.262,secondary,10.0.2.131
farm263,1.0.2.262,primary,10.100.10.131
farm263,1.0.2.262,secondary,10.100.11.131
farm264,1.0.1.264,primary,10.0.1.132
farm264,1.0.1.264,secondary,10.0.2.132
farm265,1.0.2.264,primary,10.100.10.132
farm265,1.0.2.264,secondary,10.100.11.132
farm266,1.0.1.266,primary,10.0.1.133
farm266,1.0.1.266,secondary,10.0.2.133
farm267,1.0.2.266,primary,10.100.10.133
farm267,1.0.2.266,secondary,10.100.11.133
farm268,1.0.1.268,primary,10.0.1.134
farm268,1.0.1.268,secondary,10.0.2.134
farm269,1.0.2.268,primary,10.100.10.134
farm269,1.0.2.268,secondary,10.100.11.134
farm270,1.0.1.270,primary,10.0.1.135
farm270,1.0.1.270,secondary,10.0.2.135
farm271,1.0.2.270,primary,10.100.10.135
farm271,1.0.2.270,secondary,10.100.11.135
farm272,1.0.1.272,primary,10.0.1.136
farm272,1.0.1.272,secondary,10.0.2.136
farm273,1.0.2.272,primary,10.100.10.136
farm273,1.0.2.272,secondary,10.100.11.136
farm274,1.0.1.274,primary,10.0.1.137
farm274,1.0.1.274,secondary,10.0.2.137
farm275,1.0.2.274,primary,10.100.10.137
farm275,1.0.2.274,secondary,10.100.11.137
farm276,1.0.1.276,primary,10.0.1.138
farm276,1.0.1.276,secondary,10.0.2.138
farm277,1.0.2.276,primary,10.100.10.138
farm277,1.0.2.276,secondary,10.100.11.138
farm278,1.0.1.278,primary,10.0.1.139
farm278,1.0.1.278,secondary,10.0.2.139
farm279,1.0.2.278,primary,10.100.10.139
farm279,1.0.2.278,secondary,10.100.11.139
farm280,1.0.1.280,primary,10.0.1.140
farm280,1.0.1.280,secondary,10.0.2.140
farm281,1.0.2.280,primary,10.100.10.140
farm281,1.0.2.280,secondary,10.100.11.140
farm282,1.0.1.282,primary,10.0.1.141
farm282,1.0.1.282,secondary,10.0.2.141
farm283,1.0.2.282,primary,10.100.10.141
farm283,1.0.2.282,secondary,10.100.11.141
farm284,1.0.1.284,primary,10.0.1.142
farm284,1.0.1.284,secondary,10.0.2.142
farm285,1.0.2.284,primary,10.100.10.142
farm285,1.0.2.284,secondary,10.100.11.142
farm286,1.0.1.286,primary,10.0.1.143
farm286,1.0.1.286,secondary,10.0.2.143
farm287,1.0.2.286,primary,10.100.10.143
farm287,1.0.2.286,secondary,10.100.11.143
farm288,1.0.1.288,primary,10.0.1.144
farm288,1.0.1.288,secondary,10.0.2.144
farm289,1.0.2.288,primary,10.100.10.144
farm289,1.0.2.288,secondary,10.100.11.144
farm290,1.0.1.290,primary,10.0.1.145
farm290,1.0.1.290,secondary,10.0.2.145
farm291,1.0.2.290,primary,10.100.10.145
farm291,1.0.2.290,secondary,10.100.11.145
farm292,1.0.1.292,primary,10.0.1.146
farm292,1.0.1.292,secondary,10.0.2.146
farm293,1.0.2.292,primary,10.100.10.146
farm293,1.0.2.292,secondary,10.100.11.146
farm294,1.0.1.294,primary,10.0.1.147
farm294,1.0.1.294,secondary,10.0.2.147
farm295,1.0.2.294,primary,10.100.10.147
farm295,1.0.2.294,secondary,10.100.11.147
farm296,1.0.1.296,primary,10.0.1.148
farm296,1.0.1.296,secondary,10.0.2.148
farm297,1.0.2.296,primary,10.100.10.148
farm297,1.0.2.296,secondary,10.100.11.148
farm298,1.0.1.298,primary,10.0.1.149
farm298,1.0.1.298,secondary,10.0.2.149
farm299,1.0.2.298,primary,10.100.10.149
farm299,1.0.2.298,secondary,10.100.11.149
farm300,1.0.1.300,primary,10.0.1.150
farm300,1.0.1.300,secondary,10.0.2.150
farm301,1.0.2.300,primary,10.100.10.150
farm301,1.0.2.300,secondary,10.100.11.150
farm302,1.0.1.302,primary,10.0.1.151
farm302,1.0.1.302,secondary,10.0.2.151
farm303,1.0.2.302,primary,10.100.10.151
farm303,1.0.2.302,secondary,10.100.11.151
farm304,1.0.1.304,primary,10.0.1.152
farm304,1.0.1.304,secondary,10.0.2.152
farm305,1.0.2.304,primary,10.100.10.152
farm305,1.0.2.304,secondary,10.100.11.152
farm306,1.0.1.306,primary,10.0.1.153
farm306,1.0.1.306,secondary,10.0.2.153
farm307,1.0.2.306,primary,10.100.10.153
farm307,1.0.2.306,secondary,10.100.11.153
farm308,1.0.1.308,primary,10.0.1.154
farm308,1.0.1.308,secondary,10.0.2.154
farm309,1.0.2.308,primary,10.100.10.154
farm309,1.0.2.308,secondary,10.100.11.154
farm310,1.0.1.310,primary,10.0.1.155
farm310,1.0.1.310,secondary,10.0.2.155
farm311,1.0.2.310,primary,10.100.10.155
farm311,1.0.2.310,secondary,10.100.11.155
farm312,1.0.1.312,primary,10.0.1.156
farm312,1.0.1.312,secondary,10.0.2.156
farm313,1.0.2.312,primary,10.100.10.156
farm313,1.0.2.312,secondary,10.100.11.156
farm314,1.0.1.314,primary,10.0.1.157
farm314,1.0.1.314,secondary,10.0.2.157
farm315,1.0.2.314,primary,10.100.10.157
farm315,1.0.2.314,secondary,10.100.11.157
farm316,1.0.1.316,primary,10.0.1.158
farm316,1.0.1.316,secondary,10.0.2.158
farm317,1.0.2.316,primary,10.100.10.158
farm317,1.0.2.316,secondary,10.100.11.158
farm318,1.0.1.318,primary,10.0.1.159
farm318,1.0.1.318,secondary,10.0.2.159
farm319,1.0.2.318,primary,10.100.10.159
farm319,1.0.2.318,secondary,10.100.11.159
farm320,1.0.1.320,primary,10.0.1.160
farm320,1.0.1.320,secondary,10.0.2.160
farm321,1.0.2.320,primary,10.100.10.160
farm321,1.0.2.320,secondary,10.100.11.160
farm322,1.0.1.322,primary,10.0.1.161
farm322,1.0.1.322,secondary,10.0.2.161
farm323,1.0.2.322,primary,10.100.10.161
farm323,1.0.2.322,secondary,10.100.11.161
farm324,1.0.1.324,primary,10.0.1.162
farm324,1.0.1.324,secondary,10.0.2.162
farm325,1.0.2.324,primary,10.100.10.162
farm325,1.0.2.324,secondary,10.100.11.162
farm326,1.0.1.326,primary,10.0.1.163
farm326,1.0.1.326,secondary,10.0.2.163
farm327,1.0.2.326,primary,10.100.10.163
farm327,1.0.2.326,secondary,10.100.11.163
farm328,1.0.1.328,primary,10.0.1.164
farm328,1.0.1.328,secondary,10.0.2.164
farm329,1.0.2.328,primary,10.100.10.164
farm329,1.0.2.328,secondary,10.100.11.164
farm330,1.0.1.330,primary,10.0.1.165
farm330,1.0.1.330,secondary,10.0.2.165
farm331,1.0.2.330,primary,10.100.10.165
farm331,1.0.2.330,secondary,10.100.11.165
farm332,1.0.1.332,primary,10.0.1.166
farm332,1.0.1.332,secondary,10.0.2.166
farm333,1.0.2.332,primary,10.100.10.166
farm333,1.0.2.332,secondary,10.100.11.166
farm334,1.0.1.334,primary,10.0.1.167
farm334,1.0.1.334,secondary,10.0.2.167
farm335,1.0.2.334,primary,10.100.10.167
farm335,1.0.2.334,secondary,10.100.11.167
farm336,1.0.1.336,primary,10.0.1.168
farm336,1.0.1.336,secondary,10.0.2.168
farm337,1.0.2.336,primary,10.100.10.168
farm337,1.0.2.336,secondary,10.100.11.168
farm338,1.0.1.338,primary,10.0.1.169
farm338,1.0.1.338,secondary,10.0.2.169
farm339,1.0.2.338,primary,10.100.10.169
farm339,1.0.2.338,secondary,10.100.11.169
farm340,1.0.1.340,primary,10.0.1.170
farm340,1.0.1.340,secondary,10.0.2.170
farm341,1.0.2.340,primary,10.100.10.170
farm341,1.0.2.340,secondary,10.100.11.170
farm342,1.0.1.342,primary,10.0.1.171
farm342,1.0.1.342,secondary,10.0.2.171
farm343,1.0.2.342,primary,10.100.10.171
farm343,1.0.2.342,secondary,10.100.11.171
farm344,1.0.1.344,primary,10.0.1.172
farm344,1.0.1.344,secondary,10.0.2.172
farm345,1.0.2.344,primary,10.100.10.172
farm345,1.0.2.344,secondary,10.100.11.172
farm346,1.0.1.346,primary,10.0.1.173
farm346,1.0.1.346,secondary,10.0.2.173
farm347,1.0.2.346,primary,10.100.10.173
farm347,1.0.2.346,secondary,10.100.11.173
farm348,1.0.1.348,primary,10.0.1.174
farm348,1.0.1.348,secondary,10.0.2.174
farm349,1.0.2.348,primary,10.100.10.174
farm349,1.0.2.348,secondary,10.100.11.174
farm350,1.0.1.350,primary,10.0.1.175
farm350,1.0.1.350,secondary,10.0.2.175
farm351,1.0.2.350,primary,10.100.10.175
farm351,1.0.2.350,secondary,10.100.11.175
farm352,1.0.1.352,primary,10.0.1.176
farm352,1.0.1.352,secondary,10.0.2.176
farm353,1.0.2.352,primary,10.100.10.176
farm353,1.0.2.352,secondary,10.100.11.176
farm354,1.0.1.354,primary,10.0.1.177
farm354,1.0.1.354,secondary,10.0.2.177
farm355,1.0.2.354,primary,10.100.10.177
farm355,1.0.2.354,secondary,10.100.11.177
farm356,1.0.1.356,primary,10.0.1.178
farm356,1.0.1.356,secondary,10.0.2.178
farm357,1.0.2.356,primary,10.100.10.178
farm357,1.0.2.356,secondary,10.100.11.178
farm358,1.0.1.358,primary,10.0.1.179
farm358,1.0.1.358,secondary,10.0.2.179
farm359,1.0.2.358,primary,10.100.10.179
farm359,1.0.2.358,secondary,10.100.11.179
farm360,1.0.1.360,primary,10.0.1.180
farm360,1.0.1.360,secondary,10.0.2.180
farm361,1.0.2.360,primary,10.100.10.180
farm361,1.0.2.360,secondary,10.100.11.180
farm362,1.0.1.362,primary,10.0.1.181
farm362,1.0.1.362,secondary,10.0.2.181
farm363,1.0.2.362,primary,10.100.10.181
farm363,1.0.2.362,secondary,10.100.11.181
farm364,1.0.1.364,primary,10.0.1.182
farm364,1.0.1.364,secondary,10.0.2.182
farm365,1.0.2.364,primary,10.100.10.182
farm365,1.0.2.364,secondary,10.100.11.182
farm366,1.0.1.366,primary,10.0.1.183
farm366,1.0.1.366,secondary,10.0.2.183
farm367,1.0.2.366,primary,10.100.10.183
farm367,1.0.2.366,secondary,10.100.11.183
farm368,1.0.1.368,primary,10.0.1.184
farm368,1.0.1.368,secondary,10.0.2.184
farm369,1.0.2.368,primary,10.100.10.184
farm369,1.0.2.368,secondary,10.100.11.184
farm370,1.0.1.370,primary,10.0.1.185
farm370,1.0.1.370,secondary,10.0.2.185
farm371,1.0.2.370,primary,10.100.10.185
farm371,1.0.2.370,secondary,10.100.11.185
farm372,1.0.1.372,primary,10.0.1.186
farm372,1.0.1.372,secondary,10.0.2.186
farm373,1.0.2.372,primary,10.100.10.186
farm373,1.0.2.372,secondary,10.100.11.186
farm374,1.0.1.374,primary,10.0.1.187
farm374,1.0.1.374,secondary,10.0.2.187
farm375,1.0.2.374,primary,10.100.10.187
farm375,1.0.2.374,secondary,10.100.11.187
farm376,1.0.1.376,primary,10.0.1.188
farm376,1.0.1.376,secondary,10.0.2.188
farm377,1.0.2.376,primary,10.100.10.188
farm377,1.0.2.376,secondary,10.100.11.188
farm378,1.0.1.378,primary,10.0.1.189
farm378,1.0.1.378,secondary,10.0.2.189
farm379,1.0.2.378,primary,10.100.10.189
farm379,1.0.2.378,secondary,10.100.11.189
farm380,1.0.1.380,primary,10.0.1.190
farm380,1.0.1.380,secondary,10.0.2.190
farm381,1.0.2.380,primary,10.100.10.190
farm381,1.0.2.380,secondary,10.100.11.190
farm382,1.0.1.382,primary,10.0.1.191
farm382,1.0.1.382,secondary,10.0.2.191
farm383,1.0.2.382,primary,10.100.10.191
farm383,1.0.2.382,secondary,10.100.11.191
farm384,1.0.1.384,primary,10.0.1.192
farm384,1.0.1.384,secondary,10.0.2.192
farm385,1.0.2.384,primary,10.100.10.192
farm385,1.0.2.384,secondary,10.100.11.192
farm386,1.0.1.386,primary,10.0.1.193
farm386,1.0.1.386,secondary,10.0.2.193
farm387,1.0.2.386,primary,10.100.10.193
farm387,1.0.2.386,secondary,10.100.11.193
farm388,1.0.1.388,primary,10.0.1.194
farm388,1.0.1.388,secondary,10.0.2.194
farm389,1.0.2.388,primary,10.100.10.194
farm389,1.0.2.388,secondary,10.100.11.194
farm390,1.0.1.390,primary,10.0.1.195
farm390,1.0.1.390,secondary,10.0.2.195
farm391,1.0.2.390,primary,10.100.10.195
farm391,1.0.2.390,secondary,10.100.11.195
farm392,1.0.1.392,primary,10.0.1.196
farm392,1.0.1.392,secondary,10.0.2.196
farm393,1.0.2.392,primary,10.100.10.196
farm393,1.0.2.392,secondary,10.100.11.196
farm394,1.0.1.394,primary,10.0.1.197
farm394,1.0.1.394,secondary,10.0.2.197
farm395,1.0.2.394,primary,10.100.10.197
farm395,1.0.2.394,secondary,10.100.11.197
farm396,1.0.1.396,primary,10.0.1.198
farm396,1.0.1.396,secondary,10.0.2.198
farm397,1.0.2.396,primary,10.100.10.198
farm397,1.0.2.396,secondary,10.100.11.198
farm398,1.0.1.398,primary,10.0.1.199
farm398,1.0.1.398,secondary,10.0.2.199
farm399,1.0.2.398,primary,10.100.10.199
farm399,1.0.2.398,secondary,10.100.11.199
farm400,1.0.1.400,primary,10.0.1.200
farm400,1.0.1.400,secondary,10.0.2.200
farm401,1.0.2.400,primary,10.100.10.200
farm401,1.0.2.400,secondary,10.100.11.200
farm402,1.0.1.402,primary,10.0.1.201
farm402,1.0.1.402,secondary,10.0.2.201
farm403,1.0.2.402,primary,10.100.10.201
farm403,1.0.2.402,secondary,10.100.11.201
farm404,1.0.1.404,primary,10.0.1.202
farm404,1.0.1.404,secondary,10.0.2.202
farm405,1.0.2.404,primary,10.100.10.202
farm405,1.0.2.404,secondary,10.100.11.202
farm406,1.0.1.406,primary,10.0.1.203
farm406,1.0.1.406,secondary,10.0.2.203
farm407,1.0.2.406,primary,10.100.10.203
farm407,1.0.2.406,secondary,10.100.11.203
farm408,1.0.1.408,primary,10.0.1.204
farm408,1.0.1.408,secondary,10.0.2.204
farm409,1.0.2.408,primary,10.100.10.204
farm409,1.0.2.408,secondary,10.100.11.204
farm410,1.0.1.410,primary,10.0.1.205
farm410,1.0.1.410,secondary,10.0.2.205
farm411,1.0.2.410,primary,10.100.10.205
farm411,1.0.2.410,secondary,10.100.11.205
farm412,1.0.1.412,primary,10.0.1.206
farm412,1.0.1.412,secondary,10.0.2.206
farm413,1.0.2.412,primary,10.100.10.206
farm413,1.0.2.412,secondary,10.100.11.206
farm414,1.0.1.414,primary,10.0.1.207
farm414,1.0.1.414,secondary,10.0.2.207
farm415,1.0.2.414,primary,10.100.10.207
farm415,1.0.2.414,secondary,10.100.11.207
farm416,1.0.1.416,primary,10.0.1.208
farm416,1.0.1.416,secondary,10.0.2.208
farm417,1.0.2.416,primary,10.100.10.208
farm417,1.0.2.416,secondary,10.100.11.208
farm418,1.0.1.418,primary,10.0.1.209
farm418,1.0.1.418,secondary,10.0.2.209
farm419,1.0.2.418,primary,10.100.10.209
farm419,1.0.2.418,secondary,10.100.11.209
farm420,1.0.1.420,primary,10.0.1.210
farm420,1.0.1.420,secondary,10.0.2.210
farm421,1.0.2.420,primary,10.100.10.210
farm421,1.0.2.420,secondary,10.100.11.210
farm422,1.0.1.422,primary,10.0.1.211
farm422,1.0.1.422,secondary,10.0.2.211
farm423,1.0.2.422,primary,10.100.10.211
farm423,1.0.2.422,secondary,10.100.11.211
farm424,1.0.1.424,primary,10.0.1.212
farm424,1.0.1.424,secondary,10.0.2.212
farm425,1.0.2.424,primary,10.100.10.212
farm425,1.0.2.424,secondary,10.100.11.212
farm426,1.0.1.426,primary,10.0.1.213
farm426,1.0.1.426,secondary,10.0.2.213
farm427,1.0.2.426,primary,10.100.10.213
farm427,1.0.2.426,secondary,10.100.11.213
farm428,1.0.1.428,primary,10.0.1.214
farm428,1.0.1.428,secondary,10.0.2.214
farm429,1.0.2.428,primary,10.100.10.214
farm429,1.0.2.428,secondary,10.100.11.214
farm430,1.0.1.430,primary,10.0.1.215
farm430,1.0.1.430,secondary,10.0.2.215
farm431,1.0.2.430,primary,10.100.10.215
farm431,1.0.2.430,secondary,10.100.11.215
farm432,1.0.1.432,primary,10.0.1.216
farm432,1.0.1.432,secondary,10.0.2.216
farm433,1.0.2.432,primary,10.100.10.216
farm433,1.0.2.432,secondary,10.100.11.216
farm434,1.0.1.434,primary,10.0.1.217
farm434,1.0.1.434,secondary,10.0.2.217
farm435,1.0.2.434,primary,10.100.10.217
farm435,1.0.2.434,secondary,10.100.11.217
farm436,1.0.1.436,primary,10.0.1.218
farm436,1.0.1.436,secondary,10.0.2.218
farm437,1.0.2.436,primary,10.100.10.218
farm437,1.0.2.436,secondary,10.100.11.218
farm438,1.0.1.438,primary,10.0.1.219
farm438,1.0.1.438,secondary,10.0.2.219
farm439,1.0.2.438,primary,10.100.10.219
farm439,1.0.2.438,secondary,10.100.11.219
farm440,1.0.1.440,primary,10.0.1.220
farm440,1.0.1.440,secondary,10.0.2.220
farm441,1.0.2.440,primary,10.100.10.220
farm441,1.0.2.440,secondary,10.100.11.220
farm442,1.0.1.442,primary,10.0.1.221
farm442,1.0.1.442,secondary,10.0.2.221
farm443,1.0.2.442,primary,10.100.10.221
farm443,1.0.2.442,secondary,10.100.11.221
farm444,1.0.1.444,primary,10.0.1.222
farm444,1.0.1.444,secondary,10.0.2.222
farm445,1.0.2.444,primary,10.100.10.222
farm445,1.0.2.444,secondary,10.100.11.222
farm446,1.0.1.446,primary,10.0.1.223
farm446,1.0.1.446,secondary,10.0.2.223
farm447,1.0.2.446,primary,10.100.10.223
farm447,1.0.2.446,secondary,10.100.11.223
farm448,1.0.1.448,primary,10.0.1.224
farm448,1.0.1.448,secondary,10.0.2.224
farm449,1.0.2.448,primary,10.100.10.224
farm449,1.0.2.448,secondary,10.100.11.224
farm450,1.0.1.450,primary,10.0.1.225
farm450,1.0.1.450,secondary,10.0.2.225
farm451,1.0.2.450,primary,10.100.10.225
farm451,1.0.2.450,secondary,10.100.11.225
farm452,1.0.1.452,primary,10.0.1.226
farm452,1.0.1.452,secondary,10.0.2.226
farm453,1.0.2.452,primary,10.100.10.226
farm453,1.0.2.452,secondary,10.100.11.226
farm454,1.0.1.454,primary,10.0.1.227
farm454,1.0.1.454,secondary,10.0.2.227
farm455,1.0.2.454,primary,10.100.10.227
farm455,1.0.2.454,secondary,10.100.11.227
farm456,1.0.1.456,primary,10.0.1.228
farm456,1.0.1.456,secondary,10.0.2.228
farm457,1.0.2.456,primary,10.100.10.228
farm457,1.0.2.456,secondary,10.100.11.228
farm458,1.0.1.458,primary,10.0.1.229
farm458,1.0.1.458,secondary,10.0.2.229
farm459,1.0.2.458,primary,10.100.10.229
farm459,1.0.2.458,secondary,10.100.11.229
farm460,1.0.1.460,primary,10.0.1.230
farm460,1.0.1.460,secondary,10.0.2.230
farm461,1.0.2.460,primary,10.100.10.230
farm461,1.0.2.460,secondary,10.100.11.230
farm462,1.0.1.462,primary,10.0.1.231
farm462,1.0.1.462,secondary,10.0.2.231
farm463,1.0.2.462,primary,10.100.10.231
farm463,1.0.2.462,secondary,10.100.11.231
farm464,1.0.1.464,primary,10.0.1.232
farm464,1.0.1.464,secondary,10.0.2.232
farm465,1.0.2.464,primary,10.100.10.232
farm465,1.0.2.464,secondary,10.100.11.232
farm466,1.0.1.466,primary,10.0.1.233
farm466,1.0.1.466,secondary,10.0.2.233
farm467,1.0.2.466,primary,10.100.10.233
farm467,1.0.2.466,secondary,10.100.11.233
farm468,1.0.1.468,primary,10.0.1.234
farm468,1.0.1.468,secondary,10.0.2.234
farm469,1.0.2.468,primary,10.100.10.234
farm469,1.0.2.468,secondary,10.100.11.234
farm470,1.0.1.470,primary,10.0.1.235
farm470,1.0.1.470,secondary,10.0.2.235
farm471,1.0.2.470,primary,10.100.10.235
farm471,1.0.2.470,secondary,10.100.11.235
farm472,1.0.1.472,primary,10.0.1.236
farm472,1.0.1.472,secondary,10.0.2.236
farm473,1.0.2.472,primary,10.100.10.236
farm473,1.0.2.472,secondary,10.100.11.236
farm474,1.0.1.474,primary,10.0.1.237
farm474,1.0.1.474,secondary,10.0.2.237
farm475,1.0.2.474,primary,10.100.10.237
farm475,1.0.2.474,secondary,10.100.11.237
farm476,1.0.1.476,primary,10.0.1.238
farm476,1.0.1.476,secondary,10.0.2.238
farm477,1.0.2.476,primary,10.100.10.238
farm477,1.0.2.476,secondary,10.100.11.238
farm478,1.0.1.478,primary,10.0.1.239
farm478,1.0.1.478,secondary,10.0.2.239
farm479,1.0.2.478,primary,10.100.10.239
farm479,1.0.2.478,secondary,10.100.11.239
farm480,1.0.1.480,primary,10.0.1.240
farm480,1.0.1.480,secondary,10.0.2.240
farm481,1.0.2.480,primary,10.100.10.240
farm481,1.0.2.480,secondary,10.100.11.240
farm482,1.0.1.482,primary,10.0.1.241
farm482,1.0.1.482,secondary,10.0.2.241
farm483,1.0.2.482,primary,10.100.10.241
farm483,1.0.2.482,secondary,10.100.11.241
farm484,1.0.1.484,primary,10.0.1.242
farm484,1.0.1.484,secondary,10.0.2.242
farm485,1.0.2.484,primary,10.100.10.242
farm485,1.0.2.484,secondary,10.100.11.242
farm486,1.0.1.486,primary,10.0.1.243
farm486,1.0.1.486,secondary,10.0.2.243
farm487,1.0.2.486,primary,10.100.10.243
farm487,1.0.2.486,secondary,10.100.11.243
farm488,1.0.1.488,primary,10.0.1.244
farm488,1.0.1.488,secondary,10.0.2.244
farm489,1.0.2.488,primary,10.100.10.244
farm489,1.0.2.488,secondary,10.100.11.244
farm490,1.0.1.490,primary,10.0.1.245
farm490,1.0.1.490,secondary,10.0.2.245
farm491,1.0.2.490,primary,10.100.10.245
farm491,1.0.2.490,secondary,10.100.11.245
farm492,1.0.1.492,primary,10.0.1.246
farm492,1.0.1.492,secondary,10.0.2.246
farm493,1.0.2.492,primary,10.100.10.246
farm493,1.0.2.492,secondary,10.100.11.246
farm494,1.0.1.494,primary,10.0.1.247
farm494,1.0.1.494,secondary,10.0.2.247
farm495,1.0.2.494,primary,10.100.10.247
farm495,1.0.2.494,secondary,10.100.11.247
farm496,1.0.1.496,primary,10.0.1.248
farm496,1.0.1.496,secondary,10.0.2.248
farm497,1.0.2.496,primary,10.100.10.248
farm497,1.0.2.496,secondary,10.100.11.248
farm498,1.0.1.498,primary,10.0.1.249
farm498,1.0.1.498,secondary,10.0.2.249
farm499,1.0.2.498,primary,10.100.10.249
farm499,1.0.2.498,secondary,10.100.11.249
